host,scene_name,date,scene_token,first_sample_token
host-a007,host-a007-lidar0-1230485630199365106-1230485655099030186,2019-01-02 17:33:50.301987,473093b48a7cb78d05e36245fd2dbd12d66ded7dab1ecb862945390b8a765c0a,c7f7de87ec90c8993d4e7d5463208d2aa9f5ecde671960536f39b9a86f939d3c
host-a007,host-a007-lidar0-1230672860198383106-1230672885099108186,2019-01-04 21:34:20.301189,c62b89d6ae60528c00b8a520bfa16799147f5c2dccbe1e7c535edf2e7931f7aa,07889e50d51717e829cbcb4800e6cb2ce08bdabe92440c6708131c8f9059d21d
host-a007,host-a007-lidar0-1230936221299185986-1230936246198612066,2019-01-07 22:43:41.402021,694dc7b4629151745d3e1b228b1d6653b0fc1ded12aa8da00ade85178ea6a028,83ce1da2c4b37ca88a102928f01512acf8f55ac7207d04c0fe0ea7beb2263462
host-a007,host-a007-lidar0-1231093036199514746-1231093061099651426,2019-01-09 18:17:16.302257,8ed3a2f8cf6e01e0d2c0df7db77839f468ed2aa48b6511bf2fc450e71d0d21f2,dddda3940f002b0fa6c495a5ad6d5c4a4c8253aa5ed1895fe4b0171f5fa1c041
host-a009,host-a009-lidar0-1231200854198312986-1231200879098460066,2019-01-11 00:14:14.301261,a05a48966fbc46666be116a79222374c6c79e6fa930c2fe6df1b220a77055f3f,8990abea0a146b047a04bc6ed303b16cb1c62cca49bf58e174e90a58b1dc69e5
host-a005,host-a005-lidar0-1231201437298603426-1231201462198815506,2019-01-11 00:23:57.401682,41bdc6cc36d768bb74315128a329e7c6554bd2a6ad6bfc6f126528c9ea09dec5,cea0bba4b425537cca52b17bf81569a20da1ca6d359f33227f0230d59d9d2881
host-a011,host-a011-lidar0-1232401360198078026-1232401385098379106,2019-01-24 21:42:40.301065,2bd00da3465bac6fdfe2177a12118650679e84e3133b2da8e4678d9d8d21b75d,2d96b2588f8c4ae81c94ceeda42b3b03e977dfff190c52b56243e9b00ee42962
host-a011,host-a011-lidar0-1232412236198491106-1232412261098202466,2019-01-25 00:43:56.301489,d9161aaeef7bab4d1ceb5deb7365ac4627914eacfc88e27695062ee44199fe77,d31cbe171e3d54da81df2345ac7af6167f5df2623cb0c3cd2b2666506cba2e70
host-a007,host-a007-lidar0-1232470052198454586-1232470077098888666,2019-01-25 16:47:32.301473,2ea4540f5f6177d2c086003d343fe8518f9515e9e90439d4de3d649d78feadb4,ad71ce1bf707f070a9ec523fe6185afa87db88592f667b07f77e570d000c52f1
host-a011,host-a011-lidar0-1232485958298280666-1232485983200054996,2019-01-25 21:12:38.401113,f40b928370a9cc88971da97f0c235b41aea6fe928ea25ff7dd48b69fed6804cc,66308cdc803d44d9733167a9bf58a1a1f8e2652fb049d85cd454c8ee16d8ce38
host-a007,host-a007-lidar0-1232490767197744146-1232490792098614756,2019-01-25 22:32:47.300804,e147ac689e9bb340325f2c499dc7c6cb7a1fe220d1202aa06374c4d68f3dc769,653f70259ccd3083571c5c5beac46fe5f937b285f3bf1b14b242680c24f5a98a
host-a011,host-a011-lidar0-1232492192198952026-1232492217098860706,2019-01-25 22:56:32.301720,cff25ea9f04a36e8f395e23e3cfcfa73bfe93600c28724091fd243c803675007,3a9c27b30485c30d98a6c0d5a6f1ea2857aa932a2757e074f2b4c14dc1aed081
host-a011,host-a011-lidar0-1232731591298977986-1232731616197888346,2019-01-28 17:26:31.401913,b54023a72f1bfb5cade1d588d104978cc3fcd12028e9861eea513c897167903c,b7acccfcf83ad3d1d3e2eb7b7f7b3a4af7d130f4d964a7d91f1ac51129ae9eb2
host-a011,host-a011-lidar0-1232732468299489666-1232732493199050666,2019-01-28 17:41:08.402211,a551f9ff71f5650c5954a191f771b2608ee9942c764e6f8a2be115f833d3e457,9eca1614e26d608e217505637dd6af384d4317175569e35b002c9dea60ec83d2
host-a007,host-a007-lidar0-1232736726098319676-1232736750999473736,2019-01-28 18:52:06.200960,1793886dd3dbc6714dbb66e0167226edcb4fbe5f51de2b92d1918f925d8937ee,b9c9e74ac7b8eea05f473af53ea984325d34a522866715d384cc4b3d1e2096f0
host-a011,host-a011-lidar0-1232738595197630316-1232738620098495346,2019-01-28 19:23:15.300285,4931b9e3cb870d2bed627cf45a12a48438a2a6a7602b8ea6163f94b8f4f0caa4,0fe2a463c6ad781fd0a0089b388d30cfa99f9b3051bd8346f1bdfe753abcd1c4
host-a011,host-a011-lidar0-1232745770199275666-1232745795099558556,2019-01-28 21:22:50.302015,6afb0e5cee58c1c2583847e1eaa94175e375c597b44f032a115f39666d7571a6,debd736d5102aed9012c7680c02d0121a1d808233b4c70f7a34addab6020468b
host-a011,host-a011-lidar0-1232752461198357666-1232752486099793996,2019-01-28 23:14:21.301038,400d70cf4c3202418a17814b4dfa5542d1f069fe9716a0b5fdeee104863b4124,9b69ac58ff3bf6f0206fd37fc7e58a08ee8f47ae64c1c0e058fb8072cbae3dee
host-a011,host-a011-lidar0-1232752543198025666-1232752568099126026,2019-01-28 23:15:43.300830,dade599b4c186ccde906db20beb010f7b71e6c1d60817888d98a868e32436631,617d56e9f6d9c8ace3fd7bf32beb2e958221ae3fc3fc30b6aadcaf02807d8359
host-a011,host-a011-lidar0-1232752778198249666-1232752803099491536,2019-01-28 23:19:38.301115,1e51e9e311810d6749693b8b94942320ed82e3afffb9775c7aff2f5c5ecf69d1,6f83de7145299355bbd0949ff3551406e5eae158b2cc8408c632605d23bced0b
host-a011,host-a011-lidar0-1232753667198514346-1232753692099110026,2019-01-28 23:34:27.301320,8559167370841457db1ace4aa9b149db7048699534c638c84b1b1773828f4e6f,5a7bfef81b6a80d897b9ffda8039775aa4eb4d033f0cf1515ba444ce62dd85cb
host-a011,host-a011-lidar0-1232755934199060666-1232755959099356536,2019-01-29 00:12:14.301750,b45f513a29561cc533d5a975a1bcf3abe160cd57b7409ba821327580d56a20d9,3c68f7296184e58f2b76d24dbab74897dc1303a6123ba963ea954ac8a6afff8c
host-a004,host-a004-lidar0-1232815252198642176-1232815277099387856,2019-01-29 16:40:52.301697,328ee9d180f02a82516e8c5b4113ed18d8a36d2023c3ed3d5c219c1d7bb2cc79,5c72da8e708cc22fd95847985f4035474b7669444ac875fc6ae5f1f7b78d13c1
host-a011,host-a011-lidar0-1232817034199342856-1232817059098800346,2019-01-29 17:10:34.301939,c0246c49a4f723eabf610aa4af4cc93bafe2bb677084d638b54d2ac3019c78db,4b480a7997ccc5489479e21c067ae70e36563dfeedc726575d6cd0a34e8d99f2
host-a004,host-a004-lidar0-1232817645198462196-1232817670098101226,2019-01-29 17:20:45.301209,77e66f727e1e41bc239c5a479b3e08f46128a2ae2ec2623cedd0d934542638a3,e3bcd68d23f81cf7d6b1dfab602b9323a0662f0e187c6f61f55c752a7400e791
host-a004,host-a004-lidar0-1232825386198046196-1232825411098056856,2019-01-29 19:29:46.300869,476107825d951621d75cd6aef7f249634c1e19971153d8126a28639ae4b8dd7e,3045f68bbf6bb2dd5b612564260cb67d2b17752b69d983a4c272409b6a28a6a6
host-a004,host-a004-lidar0-1232833308197903226-1232833333099155226,2019-01-29 21:41:48.300869,1f37c0952d6853fe42b9a6fad311de39e4b5fb204f29063b8d8357dbbbec9b56,25e11d674e1470874581843a35ce5385df81884c7b18e69cf3151753e550bb35
host-a011,host-a011-lidar0-1232835293199223316-1232835318097646346,2019-01-29 22:14:53.301779,25721546712bf8ba8729d88992ba2a72ed04918ffda3081cbefe3e1a6c02173f,80649eab096ce150b396c9211502f47483baf52c97115fb2681c2d070a43a773
host-a011,host-a011-lidar0-1232837612197878316-1232837637099721996,2019-01-29 22:53:32.300625,b8492fd868445918e25be1f061e5c3488252b8c05a677595bde98b26877d2f58,f59c9f22016b783c6a7e5225fc56fccaf4fe3df4a9d96c27d9e51ba7ccfdca74
host-a004,host-a004-lidar0-1232838138198668196-1232838163098533856,2019-01-29 23:02:18.301263,ebf95d1a719d8b702ef64167a59f427306fdbce3104ec38a9eae1afe6e15fd63,76339d7bd0455f6563aa6f4d8698bf10b95cb304ca98e09cf1d70c3f30ceeaed
host-a011,host-a011-lidar0-1232839939198224316-1232839964099010996,2019-01-29 23:32:19.301173,de4d664bac1b11cecd0d8fb43a226366da81d42a90d204f75bc3b4dc7d11709a,bd91f16587e9c7ad329647974b6b76cea69184278238d3e9d4bac45763fdad8e
host-a011,host-a011-lidar0-1232841333199326666-1232841358099777556,2019-01-29 23:55:33.302338,29bdd72da61e55ada4336dfaf15c98e8a0b8b7879c0746548f9ef2487915d5b1,9f535ae7b854022da2d6b995da3d1b818006a98dbb85d5ae40399c0422f91565
host-a004,host-a004-lidar0-1232842166198181226-1232842191097390226,2019-01-30 00:09:26.300797,b57e5bfce65f9992919f9aab3ee7e7a2ae106834a2e0318203f7c54974913e32,ca50736f8302b1bf28fc057325004d88dc513f8608e6d4196827c8eabb8f1b56
host-a004,host-a004-lidar0-1232842367198056546-1232842392097783226,2019-01-30 00:12:47.300595,f9248825193fe8f7e4eb99d38eb9bc28ce34ca2bb2715596ec2398b122183c55,e238bebee2a370c634cc923605597cedcf936aa2594c8225f2425b4fbc487e36
host-a004,host-a004-lidar0-1232905117299287546-1232905142198246226,2019-01-30 17:38:37.402062,457ee355fa9041d8560b7d9dd9322156ce7ea74f4b2233e3581d53b1959a70f0,316bcb65b76fb70b7d368e0622be04d417af640e8e2b26120d9ae071560ceb4d
host-a004,host-a004-lidar0-1232905197298264546-1232905222198133856,2019-01-30 17:39:57.400887,22207f9377d35fed2231a3f5d6d762fcf9511f8e356b742a64f6c3820cdcde3f,846ad5548c8e1b5ea0522e7295a51dae31338add0428ac3d1f166c781222ebf0
host-a011,host-a011-lidar0-1232905783299194316-1232905808199600976,2019-01-30 17:49:43.401894,5f385237e9e39d0ec790f927ed56dfb88556c781361b7e0c09ca16874cd7a09b,e5dd0e47510ff5e093bc651801f1012583f993940fd4626da6c36e259e6984f9
host-a011,host-a011-lidar0-1232909940298708666-1232909965199312906,2019-01-30 18:59:00.401335,f6b2b1c59e388a5d6ad4dfc4d3955321c9a308088fc26f0beaca7379672492a5,e06c64937318b79f710dc5d393df4a2959c412c2d0bd138f434b40c8fe21376e
host-a004,host-a004-lidar0-1232923266198326856-1232923291098716906,2019-01-30 22:41:06.301072,e395892c4b80eabd046ae7f43a58a5cea7950595997ffa8276e1a38836e6f2c0,c686b18fae3ad7270f47bde4d4cb4c2182bd254cd9c581443c81d8c42c93adf0
host-a004,host-a004-lidar0-1232987652297797736-1232987677198272416,2019-01-31 16:34:12.400361,b798a6558152c891c6b519d4bbd38f444379b354ce4e3b6e5c1bed97b2ad9368,67d8cfc8584a6611652f3beb815d1ee5c86af372ba809ab7bbd0c8c53f56317d
host-a007,host-a007-lidar0-1233007769198478676-1233007794098024226,2019-01-31 22:09:29.301247,5ea4a945fcf1109a0733d70b668c06dc590b07ad9d07b31085aabf41a0165ee1,8887bcab0052c5f59b665cce28ad5d2407a297014505e3fdff157229fb850ba1
host-a004,host-a004-lidar0-1233011743198634026-1233011768099043756,2019-01-31 23:15:43.301214,7389a0ca47be0417b010615bc6a4851367ac8ceafe74dc8f4e4253e0ed2734d1,9616cdd09973c9fe5e7e3e322926c80957fb5658feab2faef52dadbbd863927e
host-a004,host-a004-lidar0-1233014343198383656-1233014368098267106,2019-01-31 23:59:03.301202,58b234036191b8f5a622523ea0dd652fd19b018ec339964b08fb241af0d661b7,7d914418c976635b22d777c80ccf807433f35fb76492f0467aa1e8fb191f6780
host-a004,host-a004-lidar0-1233014843199117706-1233014868098023786,2019-02-01 00:07:23.301836,8246aafd339a991f4946d83b7fc9770e53b4f2cfdcf9f941b123a060ba56613b,a1d242ea7ed3e7e1ba8606250a0648b77eb7808e54c83109464794a3b17dc168
host-a007,host-a007-lidar0-1233079617197863906-1233079642098533586,2019-02-01 18:06:57.300770,51b7bdbcb4d856e7da7c26a5693d20371a2e58f8ae5f5ee991759cef257b47fc,295cb2836e9280e0fce2a104437fbec047e0241d0649e8310d0422ae3714de80
host-a004,host-a004-lidar0-1233080749298771736-1233080774198118416,2019-02-01 18:25:49.401317,8a6dabc7e86c1c0c5ee055f511a9190bae10bf8c8bef12ec2ae160e00bd935d8,f612b8061b8fab08e8d962126e8def5324edf1196a505afafec3108dd232fb52
host-a011,host-a011-lidar0-1233081021198156856-1233081046098157026,2019-02-01 18:30:21.300930,12d85b666c1896c3298b5eceffe82684d9d803c9d826cf3566d8d5ee7ccb6d75,218c907c3fb96e29abd55da089e0ce1e73d9645cd81dcc5177db77c1d048f40e
host-a011,host-a011-lidar0-1233087918198597316-1233087943098472996,2019-02-01 20:25:18.301232,6c9fff948d6812804e0171021325e340717b4ff7f6ecab3a5faa8f5ba5a1d1e7,04ffa5b69f6b6e4734b3924c23efcb8270580ab05a34ad62d7e10a0265957a6b
host-a011,host-a011-lidar0-1233090567199118316-1233090592098933996,2019-02-01 21:09:27.302049,1b9f5bb4ce2a527abe8fd420728a00c6c66ff623b1473664f38cdb33bc6d2290,30fdf0c942f97be7f36bc0681bb2b3292193c14778ce94b91f0567399418551a
host-a011,host-a011-lidar0-1233090630199206666-1233090655098843996,2019-02-01 21:10:30.301927,190708008d931a47a502920d034f0f1ec8ad874aa4eb23bd7cbea26e34146542,3627e39a68b8672c5a4f9b6deca856a2191c866021edb0dd1cee872db0cf04cf
host-a004,host-a004-lidar0-1233421984198960226-1233422009098905556,2019-02-05 17:13:04.301944,b77f9738a4e1ecdf173a1417bd8381c761bc20387b1e8504fa79c3124c3156d2,4a50ca2333cbdee4a985f797a0cd7e208df5c0b32df955db9d3f2434e2d128a0
host-a004,host-a004-lidar0-1233422539197434856-1233422564099152556,2019-02-05 17:22:19.300179,47ce1d46dc84a54949a350ff4e0cc855fb0cd8ab02246951a10a95ed6b0f863e,a824006e0e1b71af3fe3a057b2536c86ce7ca1b369d8c573a540e84fcb96fe35
host-a004,host-a004-lidar0-1233427004198119856-1233427029098998676,2019-02-05 18:36:44.301052,499bc15182ed10f108ecf0b99ef3804fdd44b51234016de6dc6cd7bf83c2dfbe,5e14c1e3c2b7469a64b9ba465e201f2327ec7d244dbd4eba50eddb330beff09f
host-a004,host-a004-lidar0-1233442991299115176-1233443016198370876,2019-02-05 23:03:11.401931,c296b5d7dc108a3636cbc55d86001214e88bf2f5177c6341827d8ed79835bb04,efba8b1bc27d5387598a596cbd09c583da32952f92f52a7840e1956fe8f021fc
host-a004,host-a004-lidar0-1233444816298625546-1233444841198302226,2019-02-05 23:33:36.401328,d000cd5a191d7f4709e82a868405f46d4fce53468bb5017acff32a1dea4950ea,f8b8ba71505f43f16c1d929e3f634817a37b564425215d4c1addb1039063fe3a
host-a007,host-a007-lidar0-1233508020098603466-1233508044998550666,2019-02-06 17:07:00.201149,78772737db81fe789ac0627578ad7036ca0eb30df166950eb4b16840f3b2c26f,c91cdab901d9707fad6820d1ccce43e2b0f62da77bbe9e5b17e756226a686134
host-a007,host-a007-lidar0-1233510205099156466-1233510229998563196,2019-02-06 17:43:25.201961,d6ac70f6233dd91a1aef2cf52a10032a55c0f37404957c38f486fc36a0481a64,e31d16af9fedc647efad8c0e8a39931ec3659a27ceba47fa31fc6bc6bf7d091d
host-a007,host-a007-lidar0-1233510590098435146-1233510614998778546,2019-02-06 17:49:50.201260,90d3491d02d1b49d97cd0bd89191184b34fdc1298e8bcbe051a4efcad311fcb1,4552165d75814bc7cc59798ac5331d3f67a9046c1be421ab03d8bc44f6621f87
host-a011,host-a011-lidar0-1233512833198873346-1233512858098831906,2019-02-06 18:27:13.301697,f0be85ab6d620d12f2fb4b43fd0892125a19ce9371381618c3df9033c179ce9f,f6a780c874611bb2d98f582114de0df50ee137969a801cdb65be4197524f9ff7
host-a007,host-a007-lidar0-1233515286998507736-1233515311898052226,2019-02-06 19:08:07.100996,0a59784804891232df2fdf2c556f0a4b5f02ff2bfbd5f00822f17b17320d457f,05a4b47dba0fccbb983c3b60d33a3e64e9e8509e853f48830fe6eb9b2f858187
host-a007,host-a007-lidar0-1233515591998210666-1233515616898664876,2019-02-06 19:13:12.100853,fdf3f851df2deebc5ce0fdd2a2aa803a10f8ef1897c724124a3360bc47997fb4,169427660535ddc467515b7c365291302e6ba196171ea0200e1b6510f41d8a48
host-a004,host-a004-lidar0-1233516150198382706-1233516175098720106,2019-02-06 19:22:30.301497,3000622b0d524cddccec8df22e1613a9d821b26662a6f180280f43e5271ebe4b,50257938dedb057af8b98a8f8ddf73672cb0b936a8aa4e4e629e8ae2d0cf9c29
host-a011,host-a011-lidar0-1233522430198228856-1233522455098303536,2019-02-06 21:07:10.300833,2595b4f486ef9741caf155c558b2328b9143e0632e55459828dc9b4b376702b6,7078599d27865714f28be5dcc5faa23ffe9a768f089db3a4a8fde4a970a2e241
host-a007,host-a007-lidar0-1233524852199250466-1233524877097605116,2019-02-06 21:47:32.301933,10781ffa33c746c693a1f512a5ee246d96ec47be1b12b1fc15e2f53eb6b52db7,8a8b1b3cb0234b5f22685c843ba1924092683172eec2a2d3177bf606d0118ff9
host-a011,host-a011-lidar0-1233524871199389346-1233524896098591466,2019-02-06 21:47:51.302148,7a0471c7ce0c4140ac061490d7be370934c1eff5d33b45c8d31390d260f31768,027861729f4a4eaa285b3a51a10195aa23c711c9f91823d0065bc07d9c0a761b
host-a007,host-a007-lidar0-1233529706297796756-1233529731198779786,2019-02-06 23:08:26.400567,950cc1dd9bb7859560b2e4047fae3cdcf0b7e2ee072e4d14dea659ece8a00b82,5da2649006d4a20919922d2a7d25157168984cb783a30ac5097a183901f9b93b
host-a004,host-a004-lidar0-1233535955298751556-1233535980198120666,2019-02-07 00:52:35.401773,f4e6364d2a7e6b5506b073d2c2cff238dc8605dcc93d6509b74853e5e2d6beed,8881008b5a8ca35d1c7a7777627935b5e08d869584bd9533cf36e317966af212
host-a004,host-a004-lidar0-1233602012198802906-1233602037098984906,2019-02-07 19:13:32.301461,5f158f2069f5d61b9632659e565b7a1402386d7fa0b44776a9b3944480b48e96,4b7aa7164775c3a154d978c97e2f22fe2f789e47c7239c6ef1787d905892de70
host-a004,host-a004-lidar0-1233615989298293586-1233616014198854636,2019-02-07 23:06:29.400924,0d0733eae2c54c8c8c2664db7c53c3957142e31d81a9ab80c74c060f9dd37e76,59e740bc8207aa93e07f471f129174702468211dbaa360a67d8205800a063653
host-a004,host-a004-lidar0-1233617933297688906-1233617958198483986,2019-02-07 23:38:53.400372,4e3657bd1f623fec904a331fbfe2e4c88f31c0fa9eed3b6ab500e27f28c18170,2c0513076771ce04106e30a6cabc9e2860356638bf76e3a39071c97610271e92
host-a004,host-a004-lidar0-1233618009298519906-1233618034198134636,2019-02-07 23:40:09.401360,122fe1ccf369f6d2627cf68fd972d18b9a76da97904dc7fe5b613b22bfa9b2e7,a7987dbcf6606e357c9df7d7bd2bdd43a780a4968bccab62d2cbfb708fe8d607
host-a004,host-a004-lidar0-1233620260298411906-1233620285198333986,2019-02-08 00:17:40.401294,5d5a33e433e30af5784b9342e0577304aa580b1d53ec241b881ecb50c6a98299,8e5b719f1f69bd1807ad16833768d56bfde90015d79e474284b87822e9a67a88
host-a007,host-a007-lidar0-1233621256298511876-1233621281197988026,2019-02-08 00:34:16.401257,d23bc414dd4c48a55e24d80d86cc54f393ea20649f381af567b53644b761b40a,8c439f82aa3a03cac82b8e482ae6d5ad39985a2b75df88ca8aea4361fa3cfe63
host-a004,host-a004-lidar0-1233682997198306636-1233683022098032666,2019-02-08 17:43:17.300944,cd8113a9da9a2b65930ae9498b98598655f2f17f39c59c779183d5640c827a55,4411e126af0341fb17536085bff790e94bd808ad5e411b6e57aab691f21348cd
host-a004,host-a004-lidar0-1233685221298830296-1233685246198471636,2019-02-08 18:20:21.401173,f3360ab6770490b144a42738c4895e398a30bc9ddfba6da02412f2debc25273f,c2a3435d1ed936457f78d9306db108b752e791d770a0b71f346af9322a78d439
host-a004,host-a004-lidar0-1233685315298191906-1233685340197986666,2019-02-08 18:21:55.400924,488242e813082539205ad2fc5e73a4a65c20ec385dd82350bb5e3a3c5054219e,c13bcefcc7922658b0197ec141ec9d6c44594161427965739fe017b7ece0994a
host-a011,host-a011-lidar0-1233688931299349876-1233688956199708556,2019-02-08 19:22:11.401949,89ddf4a307f6a8865b208c6803b9716b625f8b22be0b5cdb6ec1bf6a0f085f24,efdabe04affdbb8c4107c101ad78ac2a2fc71d837a1f681905c943820a475245
host-a007,host-a007-lidar0-1233689791098884906-1233689815997978986,2019-02-08 19:36:31.201494,b02742e07bb91c4d6033b0205c7efe958ea7494096c8e01577159392db76e4f5,c598519cd87ade5945b92baf49e2307f903cb2e3e5c4560a3cc16ee81d3635a1
host-a004,host-a004-lidar0-1233693191297468536-1233693216198791636,2019-02-08 20:33:11.400235,ced54e296d660872200e6b29577e1d1f83f35fe40a63dcbad04135049175a6c1,a7332541d6832a9a0002593d9bd75ab66aa7b37f8a92487dd592b305091d6ea6
host-a004,host-a004-lidar0-1233693263298064536-1233693288197865986,2019-02-08 20:34:23.400972,b9c827f9c44053263adfc9b98847ca4e9282bb5700f9d0238754d0b00bf4e9cc,52afc6bfc9ff7457af65f1422bb5c14a93fbd5ffcbb78a471f560d4266f38fdc
host-a007,host-a007-lidar0-1233946614199227636-1233946639098289666,2019-02-11 18:56:54.302005,67fc193bdbf42a68f53daa3f93d1c7fe84106e434c25c9931ebca02c2367cc96,9e5c22ab12b3ce0a814a6de78b6ff76a7c97f8935a21110ca30b8843e37fe943
host-a004,host-a004-lidar0-1233947108297817786-1233947133198765096,2019-02-11 19:05:08.400914,114b780b2efd6f73f134fc3a8f9db628e43131dc47f90e9b5dfdb886400d70f2,d2fbc1e67cf5a017016694498386ed8e400c6dd3e11035856e10c22a9fe02ed1
host-a007,host-a007-lidar0-1233954992197900986-1233955017097982666,2019-02-11 21:16:32.300980,df62d3994e1ccfd0343f4b83a70f1ad09890fea65a124e7fc9bb4add071f24fa,dd714da7f8409fbac6ddb9ed3f1c9ab4606e663102eb8f597efbbc9ce0409027
host-a007,host-a007-lidar0-1233955131199105986-1233955156098128666,2019-02-11 21:18:51.301860,dbfcdef2287b48e2fc5db1769b0bef24054c08128f0b966b28fc7f69b2297212,8728732d9799682d3f109871c42cb97f6441374cda06ba1cea365d30db29eb1a
host-a004,host-a004-lidar0-1233955731199067146-1233955756098663196,2019-02-11 21:28:51.301857,65069e841035cd054e455b4a276acf6c09bfb2873f229a3356d8d3f3d47a569f,ae1e478f1ab5ea7423589997569f01859f7fa06684fd5943ed4b2ff83a27ce13
host-a007,host-a007-lidar0-1233956183198377616-1233956208098469296,2019-02-11 21:36:23.301316,a4dec175a156d1330114d90581d4cbbe7f8cc3acd512bdd0a13c18459b483bd3,23e6957015070fbb32ba8b130723207b74ce7151f342c573b5262897f64a7df3
host-a015,host-a015-lidar0-1233957265198932906-1233957290097795666,2019-02-11 21:54:25.301613,c7b417eee2b7a886d078a71b5f8e2bbd46c6dba3d14e244b1e17ac9925f07db4,823ca5d406a8797c4112ad966c5ebc6de3ae2b4a5acf55214c4f775e5bfed59e
host-a007,host-a007-lidar0-1233960442199212986-1233960467099041666,2019-02-11 22:47:22.301930,082754a44a335ee03acb9fd8b63c31c67e8c436446b9b3ca1fc09d41a2a1373e,1914760e807b6c32fff86a28a739d2c54eb79899f0367daef4b381aaa87826f7
host-a004,host-a004-lidar0-1233961181197891466-1233961206097713176,2019-02-11 22:59:41.300534,eea49f9f02c6fd1c3cacdaec3f452c0eebcaebdc9adb435e6f42ba0bf743b76f,5b4b6f68e8bb1897a58a828a8a1432d4b8a66fd27b6d25c23a8a83c5f0a0db8d
host-a011,host-a011-lidar0-1233963416198495906-1233963441098571986,2019-02-11 23:36:56.301269,1c469d9ba0b92d018a9a99b10d28dd17c76bcd08cea367946df7903271b237f6,f756368078bff1b806927de93f6e4060c924426a053ff1092ea69105fd2436b7
host-a004,host-a004-lidar0-1233963848198981116-1233963873098642176,2019-02-11 23:44:08.301911,751fb2b81142310c164b91c031483002893048fc857a843a27b117c8a38af783,4bae547aa66fe51b352fa0b28bffc532256952099935f173f2d17ecb3777a527
host-a011,host-a011-lidar0-1233964282297830226-1233964307199768556,2019-02-11 23:51:22.400705,1286d31592c4324d15d163b9cf9b4b6879b6222e550092e1dbd42a1f908db703,0d0420dd2254685898087912f018e2ac7fc01fec9aa9718ae449505de90406ea
host-a011,host-a011-lidar0-1233964369297973906-1233964394199186906,2019-02-11 23:52:49.400799,7e1a16bee39edf643a1fd4440ae6cd90a952deb5c0e9a5a2fc06d85dd2dd1b17,53fa45c73fe49199fd37eebf932bc1eef4fb402b22f5e8466a6614b01b2e4225
host-a011,host-a011-lidar0-1233965312298542226-1233965337198958586,2019-02-12 00:08:32.401285,f1d8465edaa317ce1e4a38d1ff47bf996c4a7e44e6a3507628b66de4c72f3ebf,2d05a05a0862db8c24d8fe955971599815ecba29978f560308a0efa66f8df866
host-a011,host-a011-lidar0-1233965426299054906-1233965451199121906,2019-02-12 00:10:26.401583,a6afe4a83e2c29d41f7b31159449458bb5acc5fcc95feadaf19110de6b6eeacc,86834caf58788e3dac3464714348ae33ba1c20bfd48e12906e49fa1de87c3600
host-a011,host-a011-lidar0-1234025165199395146-1234025190098246226,2019-02-12 16:46:05.302318,833940754e77388aefa3d165c242abe4fcfdfb6823cbbcc5eb4c0ae5ea1ed302,d46f8b93abed0d005ab70fcc638ba1a1311f8952e1ed71e2bfb6b9c0e84acdf1
host-a011,host-a011-lidar0-1234031754199586656-1234031779098211226,2019-02-12 18:35:54.302134,b97a51aa9a3dae92ed4a67fa9f502344aa7cef7310c7a8579c379641aa535bab,401e8fd8309c6b1c2f78f22c09df8872ae601b1fa1dd062c23960d151d563a42
host-a004,host-a004-lidar0-1234047743298156466-1234047768199244736,2019-02-12 23:02:23.400832,f82b1ab6cc2a16c6a0c4fd7c1338e0e0523ac93ffb7682c72479f2d3a90a650f,fd383cd01540b459c79c84f64081b8dcb83d7f4c436003ab7d1a1c807ff77c4d
host-a004,host-a004-lidar0-1234051595199019546-1234051620099157876,2019-02-13 00:06:35.301688,7b082408a357c19eb75d9306dd98d6d96af70690e333d5ecd20beaf7564ad12e,04cdcf74e35f6f9e5221393eae3019f36624bd0e3fc7edd47c0d5962754b5d8a
host-a011,host-a011-lidar0-1234466278299425556-1234466303199121616,2019-02-17 19:17:58.402104,8b92f0eec8a8fd312adaa6bccb05c27f596e729d968202a9c223baf4a02e3a02,c2279039a878b97771a0613a1c57bb8bb32b0529cfb3b3c34bdac1f4dcdef9fa
host-a007,host-a007-lidar0-1234551913098444106-1234551937998728436,2019-02-18 19:05:13.201094,9250784e5b44ef4a0f8f507104610b11eca68d0a74ff7e5bff8a6d4ab1210f4c,6b561e65f31e3da51d01c9d87a35dda3b8ba3f3ac090b81e001de43cb8ebf994
host-a011,host-a011-lidar0-1234553365299813296-1234553390199271786,2019-02-18 19:29:25.402565,56c91e565c865131513da3713b9b9bcf0dcbb7e1a6d97e499fde7be85f07314e,2ea8734c2c318ceb2d224b8e6bf968b8bec5b52c0b27358ea00b5a0f2760bd72
host-a011,host-a011-lidar0-1234639296198260986-1234639321099417316,2019-02-19 19:21:36.301001,3c4f82dd8c5fb7bf3ddcbdf5dce573d46ed0fcd8c6d7e15effdecb7bf2919463,8cff26e8682ea05712282541df9e4bba2624e2921e8855bd1171b2e59ddc07a0
host-a007,host-a007-lidar0-1234737958998212856-1234737983898305906,2019-02-20 22:45:59.101044,d2b551c4c7d4bf17e958a478128f2a41cd056e92a1199a42eb51ea9dea108ac8,f966060d04eb29cd27163057cb195f504a324b8cc387e0bf05d3bfe1cc3d3822
host-a007,host-a007-lidar0-1234740239998520226-1234740264899399906,2019-02-20 23:24:00.101488,1104458291f1254ec25d75ffc8323157868d58da6486642e1ea2473b15618580,3ff8cd14f5d3079166131fc069cc59514d30f6758831f0d365ac89455587cee7
host-a015,host-a015-lidar0-1235423635198474636-1235423660098038666,2019-02-28 21:13:55.301109,755e4564756ad5c92243b7f77039d07ab1cce40662a6a19b67c820647666a3ef,8046d518096b59d39ba456e8d2aed643eac418626d4eb2e53d6a14baa76f4970
host-a015,host-a015-lidar0-1235423696198069636-1235423721098551296,2019-02-28 21:14:56.300724,0cf3165e68d24e3cf1c735d093b85f7031d0f91f6842fd05de230f2085e1c7a3,6d6f5cfb5841c675b14149adef4ae9c6f36a881911e03bb60c989763a847a04b
host-a008,host-a008-lidar0-1235776284099006226-1235776308998255906,2019-03-04 23:11:24.201629,e15ba6493309b9c7bbbb1443969a998223d2c9856afe7926686441c574cb4b8a,dc79d2f6aacd877b28039a7649c24671c59c77dc4ff5c398032a2da8327da19f
host-a008,host-a008-lidar0-1235777217098625786-1235777241998473466,2019-03-04 23:26:57.201385,2983e04fcfd25de0207bbb706d6bfebbdd7b63b0844244c51203d85ba249c67d,1285a74039dec8e110de739a11916f61bbba47893dbf8088b77b5170fe680e8e
host-a011,host-a011-lidar0-1235866707299065096-1235866732198912176,2019-03-06 00:18:27.401789,0580c08f0253a9b413c749c89d8a1966d84254f2812b198808964863e9ff5325,7ecf5abb27fb8d3a4325bde5b717b4676b2660d840111c7c36359e55f4314a53
host-a011,host-a011-lidar0-1235931114299585906-1235931139198414556,2019-03-06 18:11:54.402301,8602e56b989742b61894014842a805c83f0adc60bf16a53d74599df79e1191d4,d2ef21ce41b190e06ac5557d06648e75f1f4482c77d22a9448e670e7c8c670f1
host-a011,host-a011-lidar0-1235933627299543026-1235933652198559196,2019-03-06 18:53:47.402414,773269f082629cc28f4bf253ac7cc513956b2c2f6d8721079b032c5106ffea20,90a48c5ed20ea761599774ab0f9fe14b006183771540f244dbc1b93f22c6700b
host-a011,host-a011-lidar0-1235933781298838116-1235933806199517736,2019-03-06 18:56:21.401703,a243e4030032f9891590c99965be0eb95e0cce9a22011ca019ac1e38a71dd1bb,dbe710e2d4d3d1fcc9483f9a12dba2e7ad6f93b9d21463ae742ac038afde1f0f
host-a012,host-a012-lidar0-1235937130198577346-1235937155098071026,2019-03-06 19:52:10.301498,e8f8379c823fd0505b63f2612505e1d3de1018ecc3328f1bf0c1144f35c1a71d,8e1f13379721c1ab1d073607534ce7c195143cb8911715b63593084d7df638d7
host-a004,host-a004-lidar0-1235944794298214636-1235944819199047666,2019-03-06 21:59:54.400830,a5ae88dfb74f4477a0bd0cae3ec82588bcf081ce4125b871c3c24389abc0578d,03b9b284af278de257c44c0c0646788e7c20cc9588d8ce9dcdf72984036e736b
host-a004,host-a004-lidar0-1235947081298918616-1235947106198383666,2019-03-06 22:38:01.401562,f8e199f8b4b788e1c641b8b7fe3a693b3a5c807194ab4fd7672acd5c1f27e83d,8484d6fb1ad302e198e4fc8b37f27b912ad97ed5373d25d9a72cd76c5a8207b6
host-a011,host-a011-lidar0-1235950297199142196-1235950322099405416,2019-03-06 23:31:37.302078,a939e6edc494777d058c3b1eafb91a7236f6b4ff5e98c9abb1216046a0b3a45f,fcad797faa988f50be306e5fb6971de295602ee9116bd9ce05cfb514f4529635
host-a008,host-a008-lidar0-1236013033198326026-1236013058097878706,2019-03-07 16:57:13.301035,c099589799da6e1ea2f390354ee7bcb738d12625d515574f3cffc92f17117210,6166b1f834ca02019a3333118c03c73a5461fba6b0ba944e31521b49cb1c5e8a
host-a009,host-a009-lidar0-1236013297198927176-1236013322098616226,2019-03-07 17:01:37.301496,094c956927749d576052c7473a190ef86dc07e8ad7038b3132307518fa36af86,c9da088e108c9b331f32e267a0f3438de69de998229e761677843be250c55837
host-a009,host-a009-lidar0-1236014648198307196-1236014673098985906,2019-03-07 17:24:08.301076,90a1858d4d81518fdacedb73423dca2d0d4b1628612ad89264f045c41b76791b,4b4e852d77f4b434d1156ff54a2e39d3f539c44f6d0327a373fd41777714c036
host-a008,host-a008-lidar0-1236015187198059026-1236015212098657616,2019-03-07 17:33:07.300973,0de1fdfdf7403f363936c623bfac9b70452d12cd5c5e108a26737ec314dbe0bb,16eca91bd33a3a36350edfc9a8ccb5fb065ec7775c8aabf3a43169e1a576a955
host-a009,host-a009-lidar0-1236015606098226876-1236015630998447586,2019-03-07 17:40:06.200941,e4ef32757dcdf15f0142cd2a4a2773d061156b889a6790d87654db57e3ffdf4e,52a17b339f074a00eb0fba5f9339883fad0a18aa4a7ca1207b16dc73d1a8e259
host-a008,host-a008-lidar0-1236016333197799906-1236016358099063636,2019-03-07 17:52:13.300664,a33b172a90802dcc0e2dfef123d36bbb4eee33ebfb3939e13a3b737674d23d19,b97306e07836079a6d59bfce93d157c20bb3ad891d02d1eb1c8f373b7fa107eb
host-a004,host-a004-lidar0-1236018644297896466-1236018669198234096,2019-03-07 18:30:44.400740,bc89c85045e50514eb58ffa78661d191a743b7da84603385d2ed40c3327a969b,d1dc9df3a3ec8123839fef5c7b6aa95ab5f95d319ab51e4ea1896af6b65d148a
host-a009,host-a009-lidar0-1236020733098808906-1236020757997885536,2019-03-07 19:05:33.201396,61e11c65542360b410222b55896bd6772285596d3eac3061866fe238cfa7dc28,fbd14fa3ae9a84293f793382fb7bfd3c79bb672545a59b09b929f4fd7a58a42d
host-a004,host-a004-lidar0-1236021339298624436-1236021364198408146,2019-03-07 19:15:39.401453,973c6a14c4af72f7b0d067224adb918902f48366ce06315f3ed384c2d9836003,ab4c75bf812baa0eaf6eaa2e171c95500eb5df2ac7c80a12543fd87b56324748
host-a006,host-a006-lidar0-1236037883198113706-1236037908098879296,2019-03-07 23:51:23.300888,0a6839d6ee6804113bb5591ed99cc70ad883d0cff396e3aec5e76e718771b30e,3b30673b9d944ec6058ef5a8debb4c0a6fe075bca7076e06cf42a2bc10dc446e
host-a011,host-a011-lidar0-1236037921199248346-1236037946099430676,2019-03-07 23:52:01.301853,77145b0476fd2390a5d599c5b37d27abe2a89ae3e89fb763a3d8bc7f294b5ce2,61dc19ac52e2d0ac9e158f86f3d36b569605d0a701c21c23e4828dc9f03742d2
host-a006,host-a006-lidar0-1236038131197892706-1236038156098552296,2019-03-07 23:55:31.300641,44c104f773ac54269ecc3a392ef2c1b708692e81038047a95af91d16cce32c9e,ed2aa36532e965742736b2c2c698f53bb377d6bff97a0a420658de3fea7e5707
host-a011,host-a011-lidar0-1236038911199051026-1236038936099738706,2019-03-08 00:08:31.301957,e30bf6999b350779960b4d6dfddc63e570e4d12e832677bc04a5b9bedc4455ce,ca9c5063d80cda42a673dc79cd1b6fbccff495ade4106bff26ea5e16beaed912
host-a011,host-a011-lidar0-1236039783198411996-1236039808098336676,2019-03-08 00:23:03.301319,c3c522a88b5b366c07e3c0a271c336601df2f9d50a4b7f68595d49e32301a1b3,291f367cead39cd019af80113429425b4b3ea872dcd1d427430c98c428f10290
host-a011,host-a011-lidar0-1236093962299300416-1236093987199363346,2019-03-08 15:26:02.402032,6dd3732001cfc0db51344fa96af64f9aff307c573e476c20648421d1823874ea,a539bada9266285211dbc1c616c51b120fc6caaf46eb04704808ca8d40b26581
host-a015,host-a015-lidar0-1236103725197932106-1236103750098792856,2019-03-08 18:08:45.300694,d8c728ecd479a28b6a1e4476606634d45a8c148c6c77ed5697b410ccb78b1a68,fa99444e66adcd58acca57245ca127a9e4f63edd1151467c39e6681f1e25b82f
host-a011,host-a011-lidar0-1236104034298928316-1236104059198988026,2019-03-08 18:13:54.401794,06257d5293de02fdf8d525d6c563ac308b6028e6fb43432b229ea4263d8fff38,6c9e573b29c469e57a24727ea36b2b1ed53936460bc74d07f54c76fbe9855381
host-a015,host-a015-lidar0-1236112516098396876-1236112540999028556,2019-03-08 20:35:16.201231,fc98c2ebbda4665104a2b1e1573488c6da66dc1f4e7eb6800bf4c6fbf237e60f,d55461484fd9cda8a6ba0c1da7f229f6a605daf00a80f13dfea41f07b901c75d
host-a015,host-a015-lidar0-1236112601097782876-1236112625998366556,2019-03-08 20:36:41.200715,4beabbb563466197514fffc29263e5985f04a9eec3c07872f8e45948539610af,c64c8acd31b5596ad2f81557f22699c582655221a214254c725b13d56204decd
host-a009,host-a009-lidar0-1236118456298488636-1236118481198250736,2019-03-08 22:14:16.401333,d167e19fadd3bd07db973f3178377ab7a5520d6a6c30f74734252549caa61696,74bf4f2af10428912eabd81efbb1985de4dad5c2a64e114883f001a0b32086a3
host-a009,host-a009-lidar0-1236118555299408756-1236118580198077756,2019-03-08 22:15:55.401833,a98a6f7b0eca2e36bbd0a5632c254ca44a0be5e491b5bb03cc553ff567060d7e,0e96bcd36cf6d74ea0c8e27e5003e21d5aa83a335c4da02019c093a8947498e4
host-a017,host-a017-lidar0-1236118873198607026-1236118898097847616,2019-03-08 22:21:13.301300,18c6c670114eebd813ef240b05b988646bbccbbc5254df49984c2173fe274d19,db383de799af143413607152f982bcb685ffdf184452b356e9f1d4b2fdd3502b
host-a017,host-a017-lidar0-1236118981198431906-1236119006097572636,2019-03-08 22:23:01.301045,9a5e57a5ce3faa7e95fc37c6a2e7a595c6679e31945ae11e9ec5d054cd8abcf3,ad7a7bb3ab4437552921682f32eaccdbbfb88a2bfcd883a606e7013d08baf44b
host-a017,host-a017-lidar0-1236119797198435536-1236119822098126616,2019-03-08 22:36:37.301275,6a819bfcc32cc2cf2a1ffa2f40c161e7f0d1b80ad834129f42894daa8bbdbc3f,5b9fc9da7f0b123ea3dc4d2bfe00bc3a685fd0855507c64bccf761fbef79ad1b
host-a011,host-a011-lidar0-1236119823299280856-1236119848199397346,2019-03-08 22:37:03.401990,af749b4da1ab470bd4af7bab1a1e9ea358349839844de30291ec3c1c15f94f48,779fb76f1b70ff92cf586bf2ed5f8ac0e9cf5c28fde2c33760cd3219840e529d
host-a011,host-a011-lidar0-1236122349298071346-1236122374198621346,2019-03-08 23:19:09.400923,6316aa27f7249e0ebc7e5934ec3351b81264e8f08b15e204b7aad72932736ae5,f8ac0de426bf1aac3428d3d99e503e21a6b4c3dff79c4087b0ba7fb8bef07b55
host-a011,host-a011-lidar0-1236123625299234316-1236123650197952996,2019-03-08 23:40:25.401834,571ced3efa58db924d2e8ea72def57e8c2aae0e957123adf253620e1136ce9ff,8fafb2f2bd1ca492ea523f139c557cbfabeaae9e04c1c95c039b3da27132a832
host-a009,host-a009-lidar0-1236123717198611786-1236123742097892436,2019-03-08 23:41:57.301274,bf92ccf96999b0432edec30bacaeb94805b607493e54f9097b80bee6ed1919c1,ec130699c4a252019f6336abb3c67bbc0abe88d6a6f20c8de143cfce4fc2871d
host-a006,host-a006-lidar0-1237322885198285226-1237322910098576786,2019-03-22 20:48:05.301075,63d7170ba217c95347887f83d9b29c3ab2093ea8dffffd2f7163f5792bfb61ed,284fb66da3f7231b2cd719e51e10045fe9a4e110d16f8c72f42a67ffb700871b
host-a012,host-a012-lidar0-1237329862198269106-1237329887099105436,2019-03-22 22:44:22.300941,2c3ee0d0b2eb4eb1cfb038ae4c7aa9641bd40a1b75accf62afee943b08a1ccc0,ec659418377dda0f6c5c16e59122471deefd352ae1b7ca8669bc30234c814220
host-a009,host-a009-lidar0-1237581206198345466-1237581231098504546,2019-03-25 20:33:26.301214,1311c21036beed062494ea839c6adcfc14fbed576d4e2d067bf0f656e47753cd,c528a7175cd6485cb474d9204e31f4d799fa69ba9bf79531df7886f8aa493942
host-a101,host-a101-lidar0-1240710366399037786-1240710391298976894,2019-05-01 01:46:06.502200,9d0166ccd4af9c089738587f6e3d21cd9c8b6102787427da8c3b4f64161160c5,0ebe3320a4049a1efe2af53c2094d102971a6269b70a72e127eaeabcbff9445d
host-a101,host-a101-lidar0-1240875136198305786-1240875161098795094,2019-05-02 23:32:16.302353,ccc0662a4dbc63f589358ac9589b677f6d4165a128af93baf26619711c1d7b4f,b6380a94d11315d22fd2313ae2e627ccb3579150cc9c67e08d544be4baba840c
host-a101,host-a101-lidar0-1240877587199107226-1240877612099413030,2019-05-03 00:13:07.302589,b28b767dac46db1659065a51d6453129eeb82bf397fdbb779de95414090d6842,4938a004d2f6c56a4b78efa1235f0e6ba429156979d632f4fcf5f56dafc8ff2c
host-a101,host-a101-lidar0-1241216089098610756-1241216113999079830,2019-05-06 22:14:49.202637,ea4365b99fac5a7ab7cdb18873649fbb6b6e936b0351d9854064f88fb8fe1ac1,c9d0ca8e514da27542b3d7d9480e3db9d804a61e141ae93c7ef06727ee5623b2
host-a101,host-a101-lidar0-1241462203298815998-1241462228198805706,2019-05-09 18:36:43.402352,4734fc8f01c38ed7e71a59b50b69e11fc86ca81a23d7e2d73b0c85536a50e76a,617ecf9c8d75032be3f6037113d955fd8b8ecfc0becf87481db9b1da25c5eab0
host-a102,host-a102-lidar0-1241468916398562586-1241468941298742334,2019-05-09 20:28:36.501921,5fbada2dc96f8ae4485af83535d63c24a3116262ae94edd69c4185166d4c5e0e,6b16e52ebde8147beb37bb1bbbe29293edaf9d55e558d450392d3708fdeeee77
host-a101,host-a101-lidar0-1241472407298206026-1241472432198409706,2019-05-09 21:26:47.402788,ce66c8a9ef797a8152b1fe375b77e8f5bfe8e1c5b3c20c4fe0f66c1bf359af1a,a432d33694a219db00c75c42219152755a83bf4f7c5a095426ee035b9a3df827
host-a102,host-a102-lidar0-1241548686398885894-1241548711298381586,2019-05-10 18:38:06.502206,90f8b4278317933ab38c1bda6e7d88f7d5b1685a039fe4b91b4045331be52f4a,b2033b5ad71d193929d793c5222336eaa59db0bbc4eb695fdebfa0cbd38821d6
host-a101,host-a101-lidar0-1241561147998866622-1241561172899320654,2019-05-10 22:05:48.102232,dbee55b9c6cf99fa742eaf570ff63a743e951198bbe7b9eee2252552c604ec79,425fb606f3181a35d77d7c6aab94070b645615f984927cf3bed5f0ec9676ca00
host-a102,host-a102-lidar0-1241878200398362906-1241878225298546586,2019-05-14 14:10:00.502348,e59a765505ae791691b95e8fbf3be86e705ac26ad02ce9ffe44ef4b065c02f8f,624c36c408e3f939815e4a41f0e8a1a3c402aeae77d6102ac59345dfa237bbb9
host-a101,host-a101-lidar0-1241886983298988182-1241887008198992182,2019-05-14 16:36:23.402039,7b4640d63a9c62d07a8551d4b430d0acd88eaba8249c843248feb888f4630070,3696f0d1c51c35d58556c276d339ede69740f860ed8639d546a8f96918a62b2b
host-a101,host-a101-lidar0-1241889710198571346-1241889735098952214,2019-05-14 17:21:50.301743,8bc90aa0c14148c86d18c59cbe706a437d0710ed2dfb5ea9113fb87b7729ed97,ce4d4f2054e6c9a2f897d157ffc99f403cff7c231fd7588b64e3bf14904d9238
host-a101,host-a101-lidar0-1241893239199111666-1241893264098084346,2019-05-14 18:20:39.302415,da4ed9e02f64c544f4f1f10c6738216dcb0e6b0d50952e158e5589854af9f100,24b0962e44420e6322de3f25d9e4e5cc3c7a348ec00bfa69db21517e4ca92cc8
host-a102,host-a102-lidar0-1241904536298706586-1241904561198322666,2019-05-14 21:28:56.401715,e6dfbcf01ce548fa1550d2453fece66f33fefc5df96611fa4e80800b8ab40eca,fd0dd65e88dc78ad640139df6d594dc60ae54555c8811287348563656e2d7383
host-a101,host-a101-lidar0-1242144886399176654-1242144911299066654,2019-05-17 16:14:46.502421,a9a990d6d215b494a939fba57385566732b9ce0b44b2a000fd23cc25d71cf075,c625a4ee6a19df449a18a829e2f903e1750e872923253f57903300da071959b3
host-a102,host-a102-lidar0-1242150795498255026-1242150820398693830,2019-05-17 17:53:15.602277,09fbd7fc1213f283558c714137281455829a23027f89eed4e89d1da1178c59b1,806b81124407e1f6563b9c35a060ca8feb60cd0e120225b616526a1ce9968476
host-a101,host-a101-lidar0-1242493624298705334-1242493649198973302,2019-05-21 17:07:04.402637,4b0a93e967d5427de670dff0d04019b1823ce7e86743c4c6c35754234578baff,013d2d9b69839554a348204e63ceb6a874daef4b782542261f29cf9d10a3955c
host-a102,host-a102-lidar0-1242510597398871466-1242510622298829226,2019-05-21 21:49:57.502003,61dd188cd6752896b9d44b06d86ae5285e8a6068cbead16cf5a855ab51d1b599,b3ba875d24a093bd4d790f488d4cb0e6c5511bc2f2fac7692661f067b6a0bef3
host-a101,host-a101-lidar0-1242580003398722214-1242580028299473214,2019-05-22 17:06:43.502117,d68084bcda8f56f80d1bcc4633c6711af0f8fdc668622e2bb8bfe59ab60ebf79,ea4633d3ba683cd996686f8309970b47dd2695c680a310c983d7c1eeb2cb5c68
host-a101,host-a101-lidar0-1242583745399163026-1242583770298821706,2019-05-22 18:09:05.502531,ebfe6b97b038f49bfae9351a65df36485b0d02e1e55dd9d241efd7b0880f565b,153f58829ac0bd005bf8c2073bd9f65d971f44cd0568831ae084d22ca0576abb
host-a102,host-a102-lidar0-1242662270298972894-1242662295198395706,2019-05-23 15:57:50.402222,99f9c6347d1830862b85749787d8d9730cf065a63f3d6bfb937b511ad218f2f0,0e6411848a23f4ad73e59e4d43df1b6f5c45e74e6c54b56903b61a918c4d61fb
host-a102,host-a102-lidar0-1242684244198410786-1242684269098866094,2019-05-23 22:04:04.302340,218afcd93832744ee118a90ad31616d99c863e08f1e5f4a031204fc0f389e644,70209c02c75dda067e99da402086c30e59ed843562a965d4dc38af9cc4576bea
host-a101,host-a101-lidar0-1242748817298870302-1242748842198675302,2019-05-24 16:00:17.402631,aa243f3bbd8aab5bebcbe89a8ca5b0964499d58331dc1395fa3b5f324c79e305,536d7da30fee511f3abcb26400a047bbf8f0bf8ed44ff99983ebfdc91a265860
host-a101,host-a101-lidar0-1242748985299274334-1242749010198891466,2019-05-24 16:03:05.402349,0d3d2d6848de638c86939da96f8b7b2e04625d4b10bd44a368a2849486b9bbf4,96d7ba91794fda2561d2b27ce0e1c1e5a85a4f8c741d393bed0d6c5e337074a6
host-a101,host-a101-lidar0-1242749258298976334-1242749283199254466,2019-05-24 16:07:38.402866,da580fa9141f7dc1c2350393119cf10331a6febb9a698be97d1a7323c43faa89,6aa0f4a265defa3d7da67b3ad267eab0d5e786c8e24f5f4639144ca9a0650839
host-a102,host-a102-lidar0-1242749461398477906-1242749486298996742,2019-05-24 16:11:01.502536,236abd979f3fb37dd6fb96412d13fe0d01e7a498e9543503c9f4f3a1b08dcd63,4908d6450b680efc1561284e2f22ab76c975996d740f3539c2ea5bd9d5c1be2e
host-a101,host-a101-lidar0-1242753236298794334-1242753261198702302,2019-05-24 17:13:56.402222,6b086977f441281f15732b2c20d89ee72cb2cf793ca22c99cf3730a2d9b511fa,a0c3bbbd54d3881039fa666c1fe8a5912c109060e95ee2ee1ccffbb743bedaef
host-a102,host-a102-lidar0-1242754954298696742-1242754979198120666,2019-05-24 17:42:34.402129,127c57c023bad0a3d59f2e00d4d728d788fc26d8a0df474859ad070babf279f7,281c719800f275ce552612bd1293981ed3adc5180d8b32737602234f551f5aa0
host-a102,host-a102-lidar0-1242755350298764586-1242755375198787666,2019-05-24 17:49:10.401686,3c807ceae63a47150351dfc0856262d780f7fbbb48608cef72395be15b43b56a,6e50140f176c6ac63a28f2f7108d51dd6dabb2ee4c582c9e492d93bfad7e1106
host-a102,host-a102-lidar0-1242755400298847586-1242755425198579666,2019-05-24 17:50:00.402270,71dfb15d2f88bf2aab2c5d4800c0d10a76c279b9fda98720781a406cbacc583b,0b9a944b213afe35745ec1e5fd5e21183b3fd78a63f198e92df15e773cdcad61
host-a101,host-a101-lidar0-1243095610299140346-1243095635198749774,2019-05-28 16:20:10.402149,8de259b1d1865fbb345f570db9c2a01506db66a85f086636abafde96f8930e9b,09d2814c83b5c0c9a217d3b4705c17c9dae6f7e84d01adc1ddacbba2e00eab88
host-a101,host-a101-lidar0-1243102866399012786-1243102891298922466,2019-05-28 18:21:06.502635,b24e5f59b4df16f2b5328295eb40083691704f29f365bf18bf7eb9d43823fcc7,7b99e53ba58c34fb2e058111aea776809eb4df816ec4ea9cab3060c7c52074a8
